{
    "iconDefinitions": {
        // Iconos base
        "_file_dark": {
            "iconPath": "./images/file_dark.svg"
        },
        "_folder_dark": {
            "iconPath": "./images/folder_dark.svg"
        },
        "_folder_open_dark": {
            "iconPath": "./images/folder_open_dark.svg"
        },
        
        // Iconos específicos para tecnologías
        "_file_js": {
            "iconPath": "./images/file_js.svg"
        },
        "_file_ts": {
            "iconPath": "./images/file_ts.svg"
        },
        "_file_php": {
            "iconPath": "./images/file_php.svg"
        },
        "_file_sql": {
            "iconPath": "./images/file_sql.svg"
        },
        "_file_html": {
            "iconPath": "./images/file_html.svg"
        },
        "_file_css": {
            "iconPath": "./images/file_css.svg"
        },
        "_file_json": {
            "iconPath": "./images/file_json.svg"
        },
        "_file_md": {
            "iconPath": "./images/file_md.svg"
        },
        "_file_py": {
            "iconPath": "./images/file_py.svg"
        },
        "_file_java": {
            "iconPath": "./images/file_java.svg"
        },
        "_file_xml": {
            "iconPath": "./images/file_xml.svg"
        },
        "_file_config": {
            "iconPath": "./images/file_config.svg"
        },
        "_file_env": {
            "iconPath": "./images/file_env.svg"
        },
        "_file_git": {
            "iconPath": "./images/file_git.svg"
        },
        
        // Carpetas específicas
        "_folder_src": {
            "iconPath": "./images/folder_src.svg"
        },
        "_folder_dist": {
            "iconPath": "./images/folder_dist.svg"
        },
        "_folder_node": {
            "iconPath": "./images/folder_node.svg"
        },
        "_folder_components": {
            "iconPath": "./images/folder_components.svg"
        },
        "_folder_views": {
            "iconPath": "./images/folder_views.svg"
        },
        "_folder_public": {
            "iconPath": "./images/folder_public.svg"
        },
        "_folder_config": {
            "iconPath": "./images/folder_config.svg"
        }
    },
    "file": "_file_dark",
    "folder": "_folder_dark",
    "folderExpanded": "_folder_open_dark",
    
    // Extensiones de archivo
    "fileExtensions": {
        "js": "_file_js",
        "jsx": "_file_js",
        "ts": "_file_ts",
        "tsx": "_file_ts",
        "php": "_file_php",
        "sql": "_file_sql",
        "html": "_file_html",
        "htm": "_file_html",
        "css": "_file_css",
        "scss": "_file_css",
        "sass": "_file_css",
        "less": "_file_css",
        "json": "_file_json",
        "md": "_file_md",
        "py": "_file_py",
        "java": "_file_java",
        "xml": "_file_xml",
        "yml": "_file_config",
        "yaml": "_file_config",
        "env": "_file_env"
    },
    
    // Nombres de archivo
    "fileNames": {
        "package.json": "_file_node",
        "package-lock.json": "_file_node",
        "composer.json": "_file_php",
        "webpack.config.js": "_file_config",
        ".gitignore": "_file_git",
        ".env": "_file_env",
        ".env.example": "_file_env",
        "README.md": "_file_md",
        "LICENSE": "_file_config"
    },
    
    // Nombres de carpeta
    "folderNames": {
        "src": "_folder_src",
        "source": "_folder_src",
        "dist": "_folder_dist",
        "build": "_folder_dist",
        "node_modules": "_folder_node",
        "components": "_folder_components",
        "views": "_folder_views",
        "public": "_folder_public",
        "config": "_folder_config",
        "configuration": "_folder_config"
    },
    
    // Asociaciones de lenguajes
    "languageIds": {
        "javascript": "_file_js",
        "typescript": "_file_ts",
        "php": "_file_php",
        "sql": "_file_sql",
        "html": "_file_html",
        "css": "_file_css",
        "json": "_file_json",
        "markdown": "_file_md",
        "python": "_file_py",
        "java": "_file_java",
        "xml": "_file_xml"
    }
}