{
    "name": "Dark Cyber Vision",
    "type": "dark",
    "colors": {


        // Resaltado de palabras iguales - MÁS VISIBLE
        "editor.wordHighlightBackground": "#ff5e0060",        // Naranja más intenso
        "editor.wordHighlightStrongBackground": "#ff5e0080",  // Naranja aún más intenso
        "editor.selectionHighlightBackground": "#00ffff60",   // Cian para contraste
        "editor.occurrenceHighlightBackground": "#ff5e0040",  // Ocurrencias
        "editor.occurrenceHighlightBorder": "#ff5e00",        // Borde naranja

        // Colores base - optimizados para reducir fatiga visual
        "focusBorder": "#00ffff90",
        "foreground": "#e6e6e6",
        "disabledForeground": "#777777",
        "widget.shadow": "#00000070",
        "selection.background": "#ff5e0040",
        "descriptionForeground": "#b8b8b8",
        "errorForeground": "#ff3e3e",
        
        // Fondo principal - negro profundo para reducir contraste excesivo
        "editor.background": "#0a0a0f",
        "sideBar.background": "#0f0f14",
        "activityBar.background": "#0f0f14",
        "statusBar.background": "#0f0f14",
        "panel.background": "#0a0a0f",
        
        // Botones con colores vibrantes pero no cansados
        "button.background": "#ff5e00",
        "button.foreground": "#ffffff",
        "button.hoverBackground": "#ff7c33",
        "button.secondaryBackground": "#1a1a24",
        "button.secondaryForeground": "#e6e6e6",
        "button.secondaryHoverBackground": "#252536",
        
        // Campos de entrada
        "input.background": "#1a1a24",
        "input.foreground": "#ffffff",
        "input.border": "#252536",
        "input.placeholderForeground": "#777777",
        "inputOption.activeBorder": "#00ffff",
        
        // Barra de estado
        "statusBar.foreground": "#e6e6e6",
        "statusBar.border": "#252536",
        "statusBar.debuggingBackground": "#ff5e00",
        "statusBar.debuggingForeground": "#ffffff",
        "statusBar.noFolderBackground": "#6a00ff",
        "statusBar.noFolderForeground": "#ffffff",
        "statusBarItem.activeBackground": "#ffffff20",
        "statusBarItem.hoverBackground": "#ffffff10",
        "statusBarItem.remoteBackground": "#00a0ff",
        "statusBarItem.remoteForeground": "#ffffff",
        
        // Barra de actividad
        "activityBar.foreground": "#e6e6e6",
        "activityBar.inactiveForeground": "#777777",
        "activityBar.border": "#252536",
        "activityBar.activeBorder": "#ff5e00",
        "activityBar.activeBackground": "#ffffff0d",
        "activityBar.dropBorder": "#ffffff",
        "activityBarBadge.background": "#ff5e00",
        "activityBarBadge.foreground": "#ffffff",
        
        // Barra lateral
        "sideBar.foreground": "#e6e6e6",
        "sideBar.border": "#252536",
        "sideBarTitle.foreground": "#e6e6e6",
        "sideBarSectionHeader.background": "#1a1a24",
        "sideBarSectionHeader.foreground": "#e6e6e6",
        "sideBarSectionHeader.border": "#252536",
        
        // Lista y árbol de archivos
        "list.activeSelectionBackground": "#252536",
        "list.activeSelectionForeground": "#ffffff",
        "list.inactiveSelectionBackground": "#1a1a24",
        "list.inactiveSelectionForeground": "#e6e6e6",
        "list.hoverBackground": "#1a1a2460",
        "list.hoverForeground": "#ffffff",
        "list.dropBackground": "#252536",
        "list.highlightForeground": "#ff5e00",
        "list.focusHighlightForeground": "#ff5e00",
        "list.invalidItemForeground": "#ff3e3e",
        "list.errorForeground": "#ff3e3e",
        "list.warningForeground": "#ffcc00",
        "listFilterWidget.background": "#1a1a24",
        "listFilterWidget.outline": "#00000000",
        "listFilterWidget.noMatchesOutline": "#ff3e3e",
        "list.filterMatchBackground": "#1a1a24",
        "list.filterMatchBorder": "#ff5e00",
        
        // Pestañas del editor
        "editorGroupHeader.tabsBackground": "#0f0f14",
        "tab.activeBackground": "#0a0a0f",
        "tab.activeForeground": "#ffffff",
        "tab.inactiveBackground": "#0f0f14",
        "tab.inactiveForeground": "#777777",
        "tab.border": "#252536",
        "tab.activeBorder": "#ff5e00",
        "tab.activeBorderTop": "#ff5e00",
        "tab.unfocusedActiveBorder": "#ff5e0080",
        "tab.unfocusedActiveBorderTop": "#ff5e0080",
        "tab.hoverBackground": "#1a1a24",
        "tab.unfocusedHoverBackground": "#1a1a2480",
        "tab.hoverBorder": "#252536",
        "tab.unfocusedHoverBorder": "#25253680",
        
        // Editor - colores optimizados para lectura prolongada
        "editor.foreground": "#e6e6e6",
        "editorLineNumber.foreground": "#555566",
        "editorLineNumber.activeForeground": "#ff5e00",
        "editorCursor.foreground": "#00ffff",
        "editor.selectionBackground": "#ff5e0040",
        // "editor.selectionHighlightBackground": "#790202e1",
        "editor.inactiveSelectionBackground": "#ff5e0020",
        // "editor.wordHighlightBackground": "#00a0ff20",
        // "editor.wordHighlightStrongBackground": "#00a0ff40",
        "editor.findMatchBackground": "#ffcc0040",
        "editor.findMatchHighlightBackground": "#ffcc0020",
        "editor.findRangeHighlightBackground": "#ff5e0020",
        "editor.hoverHighlightBackground": "#00a0ff20",
        "editor.lineHighlightBackground": "#151520",
        "editor.lineHighlightBorder": "#151520",
        "editorLink.activeForeground": "#00a0ff",
        "editor.rangeHighlightBackground": "#ff5e0020",
        "editor.rangeHighlightBorder": "#ff5e0000",
        "editor.symbolHighlightBackground": "#00a0ff20",
        "editor.symbolHighlightBorder": "#00a0ff00",
        "editorWhitespace.foreground": "#ffffff15",
        // "editorIndentGuide.background": "#252536",
        // "editorIndentGuide.activeBackground": "#ff5e00",
        "editorRuler.foreground": "#252536",
        "editorCodeLens.foreground": "#777777",
        "editorBracketMatch.background": "#ff5e0020",
        "editorBracketMatch.border": "#ff5e00",
        "editorOverviewRuler.border": "#252536",
        "editorError.foreground": "#ff3e3e",
        "editorWarning.foreground": "#ffcc00",
        "editorInfo.foreground": "#00a0ff",
        "editorHint.foreground": "#00ffff",
        "editorGutter.background": "#0a0a0f",
        "editorGutter.modifiedBackground": "#ffcc00",
        "editorGutter.addedBackground": "#00ff66",
        "editorGutter.deletedBackground": "#ff3e3e",
        
        // Panel inferior
        "panel.border": "#252536",
        "panelTitle.activeBorder": "#ff5e00",
        "panelTitle.activeForeground": "#e6e6e6",
        "panelTitle.inactiveForeground": "#777777",
        "panelInput.border": "#252536",
        "panelSection.border": "#252536",
        "panelSectionHeader.background": "#1a1a24",
        "panelSectionHeader.foreground": "#e6e6e6",
        "panelSectionHeader.border": "#252536",
        
        // Barra de título
        "titleBar.activeBackground": "#0f0f14",
        "titleBar.activeForeground": "#e6e6e6",
        "titleBar.inactiveBackground": "#0f0f14",
        "titleBar.inactiveForeground": "#777777",
        "titleBar.border": "#252536",
        
        // Menús
        "menu.background": "#0f0f14",
        "menu.foreground": "#e6e6e6",
        "menu.selectionBackground": "#ff5e00",
        "menu.selectionForeground": "#ffffff",
        "menu.separatorBackground": "#252536",
        "menu.border": "#252536",
        
        // Iconos
        "icon.foreground": "#e6e6e6",
        
        // Enlaces
        "textLink.foreground": "#00a0ff",
        "textLink.activeForeground": "#00c8ff",
        
        // Git
        "gitDecoration.addedResourceForeground": "#00ff66",
        "gitDecoration.modifiedResourceForeground": "#ffcc00",
        "gitDecoration.deletedResourceForeground": "#ff3e3e",
        "gitDecoration.renamedResourceForeground": "#00a0ff",
        "gitDecoration.untrackedResourceForeground": "#00ffff",
        "gitDecoration.ignoredResourceForeground": "#777777",
        "gitDecoration.conflictingResourceForeground": "#ff5e00",
        "gitDecoration.submoduleResourceForeground": "#777777",
        
        // Terminal
        "terminal.background": "#0a0a0f",
        "terminal.foreground": "#e6e6e6",
        "terminal.ansiBlack": "#0a0a0f",
        "terminal.ansiRed": "#ff3e3e",
        "terminal.ansiGreen": "#00ff66",
        "terminal.ansiYellow": "#ffcc00",
        "terminal.ansiBlue": "#00a0ff",
        "terminal.ansiMagenta": "#ff5e00",
        "terminal.ansiCyan": "#00ffff",
        "terminal.ansiWhite": "#e6e6e6",
        "terminal.ansiBrightBlack": "#555566",
        "terminal.ansiBrightRed": "#ff6666",
        "terminal.ansiBrightGreen": "#66ff99",
        "terminal.ansiBrightYellow": "#ffff66",
        "terminal.ansiBrightBlue": "#66b3ff",
        "terminal.ansiBrightMagenta": "#ff9966",
        "terminal.ansiBrightCyan": "#66ffff",
        "terminal.ansiBrightWhite": "#ffffff",
        "terminal.border": "#252536",
        "terminal.selectionBackground": "#ff5e0040",
        "terminalCursor.background": "#0a0a0f",
        "terminalCursor.foreground": "#00ffff",
        
        // Minimapa
        "minimap.background": "#0a0a0f",
        "minimap.selectionHighlight": "#ff5e0040",
        "minimap.findMatchHighlight": "#ffcc0040",
        "minimap.errorHighlight": "#ff3e3e40",
        "minimap.warningHighlight": "#ffcc0040",
    },
    "tokenColors": [
        {
            "name": "Comentarios - suaves para reducir fatiga",
            "scope": [
                "comment",
                "punctuation.definition.comment"
            ],
            "settings": {
                "foreground": "#5f7f7f",
                "fontStyle": "italic"
            }
        },
        {
            "name": "Strings - color distintivo pero no cansado",
            "scope": [
                "string",
                "punctuation.definition.string"
            ],
            "settings": {
                "foreground": "#33cc99"
            }
        },
        {
            "name": "Variables JavaScript - color intenso",
            "scope": [
                "variable",
                "variable.parameter",
                "variable.other",
                "variable.function",
                "variable.annotation"
            ],
            "settings": {
                "foreground": "#f8a90c"
            }
        },
        {
            "name": "Funciones JavaScript - color vibrante",
            "scope": [
                "entity.name.function",
                "support.function",
                "meta.function-call",
                "meta.method-call"
            ],
            "settings": {
                "foreground": "#0730e9",
                "fontStyle": "bold"
            }
        },
        {
            "name": "Clases y tipos - color distintivo",
            "scope": [
                "entity.name.type",
                "entity.name.class",
                "support.class",
                "support.type"
            ],
            "settings": {
                "foreground": "#f06f2f",
                "fontStyle": "bold"
            }
        },
        {
            "name": "Constantes y números - color claro",
            "scope": [
                "constant",
                "constant.numeric",
                "constant.language",
                "constant.character",
                "constant.other"
            ],
            "settings": {
                "foreground": "#ff4800"
            }
        },
        {
            "name": "Palabras reservadas JavaScript - colores intensos",
            "scope": [
                "keyword",
                "keyword.control",
                "keyword.operator",
                "storage",
                "storage.type"
            ],
            "settings": {
                "foreground": "#da3264",
                "fontStyle": "bold"
            }
        },
        {
            "name": "Funciones PHP - color vibrante",
            "scope": [
                "support.function.construct.php",
                "support.function.php"
            ],
            "settings": {
                "foreground": "#00a0ff",
                "fontStyle": "bold"
            }
        },
        {
            "name": "Variables PHP - color distintivo",
            "scope": [
                "variable.other.php",
                "variable.other.property.php"
            ],
            "settings": {
                "foreground": "#ddc65e"
            }
        },
        {
            "name": "Clases PHP - color intenso",
            "scope": [
                "support.class.php",
                "entity.name.type.class.php"
            ],
            "settings": {
                "foreground": "#f85f4b",
                "fontStyle": "bold"
            }
        },
        {
            "name": "Palabras reservadas PHP - colores fuertes",
            "scope": [
                "keyword.other.php",
                "storage.type.php"
            ],
            "settings": {
                "foreground": "#fd427a",
                "fontStyle": "bold"
            }
        },
        {
            "name": "SQL Keywords - color distintivo",
            "scope": [
                "keyword.other.DML.sql",
                "keyword.other.DDL.sql",
                "keyword.other.DCL.sql",
                "keyword.other.TCL.sql"
            ],
            "settings": {
                "foreground": "#ff5e00",
                "fontStyle": "bold"
            }
        },
        {
            "name": "Funciones MySQL - color vibrante",
            "scope": [
                "support.function.sql"
            ],
            "settings": {
                "foreground": "#00ccff",
                "fontStyle": "bold"
            }
        },
        {
            "name": "Tipos de datos SQL - color intenso",
            "scope": [
                "storage.type.sql"
            ],
            "settings": {
                "foreground": "#eb8f17",
                "fontStyle": "bold"
            }
        },
        {
            "name": "Operadores - color distintivo",
            "scope": [
                "keyword.operator"
            ],
            "settings": {
                "foreground": "#fd3e77"
            }
        },
        {
            "name": "Atributos HTML - color suave",
            "scope": [
                "entity.other.attribute-name"
            ],
            "settings": {
                "foreground": "#ffbb33"
            }
        },
        {
            "name": "Tags HTML - color intenso",
            "scope": [
                "entity.name.tag"
            ],
            "settings": {
                "foreground": "#ff5e00",
                "fontStyle": "bold"
            }
        },
        {
            "name": "Propiedades CSS - color vibrante",
            "scope": [
                "support.type.property-name.css"
            ],
            "settings": {
                "foreground": "#00ccff"
            }
        },
        {
            "name": "Valores CSS - color distintivo",
            "scope": [
                "support.constant.property-value.css"
            ],
            "settings": {
                "foreground": "#ff9966"
            }
        },
        {
            "name": "Selectores CSS - color intenso",
            "scope": [
                "entity.other.attribute-name.class.css",
                "entity.other.attribute-name.id.css"
            ],
            "settings": {
                "foreground": "#ff5e8e"
            }
        },
        {
            "name": "Deprecated - tachado",
            "scope": [
                "invalid.deprecated"
            ],
            "settings": {
                "foreground": "#777777",
                // "foreground": "#777777",
                "fontStyle": "strikethrough"
            }
        },
        {
            "name": "Invalid - subrayado en rojo",
            "scope": [
                "invalid"
            ],
            "settings": {
                "foreground": "#ff3e3e",
                "fontStyle": "underline"
            }
        },
        {
            "name": "Regexp - color distintivo",
            "scope": [
                "string.regexp"
            ],
            "settings": {
                "foreground": "#33cc99"
            }
        },
        {
            "name": "Markdown headings - negrita y color",
            "scope": [
                "markup.heading"
            ],
            "settings": {
                "foreground": "#00a0ff",
                "fontStyle": "bold"
            }
        },
        {
            "name": "Markdown bold - negrita",
            "scope": [
                "markup.bold"
            ],
            "settings": {
                "fontStyle": "bold"
            }
        },
        {
            "name": "Markdown italic - cursiva",
            "scope": [
                "markup.italic"
            ],
            "settings": {
                "fontStyle": "italic"
            }
        },
        {
            "name": "Markdown links - color de enlace",
            "scope": [
                "markup.underline.link"
            ],
            "settings": {
                "foreground": "#00a0ff"
            }
        }
    ],
    "semanticTokenColors": {
        "class": {
            "foreground": "#ff9966"
        },
        "struct": {
            "foreground": "#ff9966"
        },
        "enum": {
            "foreground": "#ff9966"
        },
        "interface": {
            "foreground": "#ff9966"
        },
        "typeParameter": {
            "foreground": "#ff9966"
        },
        "function": {
            "foreground": "#00ccff"
        },
        "method": {
            "foreground": "#00ccff"
        },
        "variable": {
            "foreground": "#ffcc66"
        },
        "property": {
            "foreground": "#ffcc66"
        },
        "parameter": {
            "foreground": "#ffcc66"
        },
        "namespace": {
            "foreground": "#ff9966"
        },
        "macro": {
            "foreground": "#ff5e8e"
        },
        "event": {
            "foreground": "#ffcc66"
        },
        "modifier": {
            "foreground": "#ff5e8e"
        },
        "comment": {
            "foreground": "#5f7f7f"
        },
        "string": {
            "foreground": "#33cc99"
        },
        "keyword": {
            "foreground": "#ff5e8e"
        },
        "number": {
            "foreground": "#ff5e00"
        },
        "regexp": {
            "foreground": "#33cc99"
        },
        "operator": {
            "foreground": "#ff5e8e"
        }
    }
}